2550;module;ietf-schc;;-1;;;;;;;;;;;;;;;;;;;;;;
2551;identity;mo-equal;;-2;;;;;;;;;;;;;;;;;;;;;;
2552;identity;mo-ignore;;-3;;;;;;;;;;;;;;;;;;;;;;
2553;identity;mo-match-mapping;;-4;;;;;;;;;;;;;;;;;;;;;;
2554;identity;mo-msb;;-5;;;;;;;;;;;;;;;;;;;;;;
2555;identity;cda-not-sent;;-6;;;;;;;;;;;;;;;;;;;;;;
2556;identity;cda-value-sent;;-7;;;;;;;;;;;;;;;;;;;;;;
2557;identity;cda-mapping-sent;;-8;;;;;;;;;;;;;;;;;;;;;;
2558;identity;cda-lsb;;-9;;;;;;;;;;;;;;;;;;;;;;
2559;identity;cda-compute;;-10;;;;;;;;;;;;;;;;;;;;;;
2560;;;;-11;;;;;;;;;;;;;;;;;;;;;;
2561;;;;-12;;;;;;;;;;;;;;;;;;;;;;
2562;identity;di-bidirectional;;-13;;;;;;;;;;;;;;;;;;;;;;
2563;identity;di-down;;-14;;;;;;;;;;;;;;;;;;;;;;
2564;identity;di-up;;-15;;;;;;;;;;;;;;;;;;;;;;
2565;identity;fl-length-bits;;-16;;;;;;;;;;;;;;;;;;;;;;
2566;identity;fl-length-bytes;;-17;;;;;;;;;;;;;;;;;;;;;;
2567;identity;fl-remaining;;-18;;;;;;;;;;;;;;;;;;;;;;
2568;identity;fl-variable;;-19;;;;;;;;;;;;;;;;;;;;;;
2569;identity;fl-variable-bits;TBD;-20;;;;;;;;;;;;;;;;;;;;;;
2570;identity;nature-compression;;-21;;;;;;;;;;;;;;;;;;;;;;
2571;identity;space-id-coap;;-22;;;;;;;;;;;;;;;;;;;;;;
2572;;;;-23;;;;;;;;;;;;;;;;;;;;;;
2573;;;;-24;;;;;;;;;;;;;;;;;;;;;;
2574;;;;-25;;;;;;;;;;;;;;;;;;;;;;
2575;;;;-26;;;;;;;;;;;;;;;;;;;;;;
2576;;;;-27;;;;;;;;;;;;;;;;;;;;;;
2577;identity;fl-token-length;;-28;;;;;;;;;;;;;;;;;;;;;;
2578;;;;-29;;;;;;;;;;;;;;;;;;;;;;
2579;;;;-30;;;;;;;;;;;;;;;;;;;;;;
2580;;;;-31;;;;;;;;;;;;;;;;;;;;;;
2581;;;;-32;;;;;;;;;;;;;;;;;;;;;;
2582;;;;-33;;;;;;;;;;;;;;;;;;;;;;
2583;;;;-34;;;;;;;;;;;;;;;;;;;;;;
2584;;;;-35;;;;;;;;;;;;;;;;;;;;;;
2585;;;;-36;;;;;;;;;;;;;;;;;;;;;;
2586;;;;-37;;;;;;;;;;;;;;;;;;;;;;
2587;;;;-38;;;;;;;;;;;;;;;;;;;;;;
2588;;;;-39;;;;;;;;;;;;;;;;;;;;;;
2589;;;;-40;;;;;;;;;;;;;;;;;;;;;;
2590;identity;fid-ipv6-version;;-41;;;;;;;;;;;;;;;;;;;;;;
2591;identity;fid-ipv6-trafficclass;;-42;;;;;;;;;;;;;;;;;;;;;;
2592;identity;fid-ipv6-trafficclass-ds;;-43;;;;;;;;;;;;;;;;;;;;;;
2593;identity;fid-ipv6-trafficclass-ecn;;-44;;;;;;;;;;;;;;;;;;;;;;
2594;identity;fid-ipv6-flowlabel;;-45;;;;;;;;;;;;;;;;;;;;;;
2595;identity;fid-ipv6-payload-length;;-46;;;;;;;;;;;;;;;;;;;;;;
2596;identity;fid-ipv6-nextheader;;-47;;;;;;;;;;;;;;;;;;;;;;
2597;identity;fid-ipv6-hoplimit;;-48;;;;;;;;;;;;;;;;;;;;;;
2598;identity;fid-ipv6-deviid;;-49;;;;;;;;;;;;;;;;;;;;;;
2599;identity;fid-ipv6-devprefix;;-50;;;;;;;;;;;;;;;;;;;;;;
2600;identity;fid-ipv6-appiid;;-51;;;;;;;;;;;;;;;;;;;;;;
2601;identity;fid-ipv6-appprefix;;-52;;;;;;;;;;;;;;;;;;;;;;
2602;;;;-53;;;;;;;;;;;;;;;;;;;;;;
2603;;;;-54;;;;;;;;;;;;;;;;;;;;;;
2604;;;;-55;;;;;;;;;;;;;;;;;;;;;;
2605;identity;fid-udp-dev-port;;-56;;;;;;;;;;;;;;;;;;;;;;
2606;identity;fid-udp-app-port;;-57;;;;;;;;;;;;;;;;;;;;;;
2607;identity;fid-udp-length;;-58;;;;;;;;;;;;;;;;;;;;;;
2608;identity;fid-udp-checksum;;-59;;;;;;;;;;;;;;;;;;;;;;
2609;;;;-60;;;;;;;;;;;;;;;;;;;;;;
2610;identity;fid-unused;added in 05-07 version to parse ICMPv6 using h-schc;-61;;;;;;;;;;;;;;;;;;;;;;
2611;identity;fid-payload;;-62;;;;;;;;;;;;;;;;;;;;;;
2612;;;;-63;;;;;;;;;;;;;;;;;;;;;;
2613;;;;-64;;;;;;;;;;;;;;;;;;;;;;
2614;;;;-65;;;;;;;;;;;;;;;;;;;;;;
2615;identity;fid-coap-version;;-66;;;;;;;;;;;;;;;;;;;;;;
2616;identity;fid-coap-type;;-67;;;;;;;;;;;;;;;;;;;;;;
2617;identity;fid-coap-tkl;;-68;;;;;;;;;;;;;;;;;;;;;;
2618;identity;fid-coap-code;;-69;;;;;;;;;;;;;;;;;;;;;;
2619;identity;fid-coap-code-class;;-70;;;;;;;;;;;;;;;;;;;;;;
2620;identity;fid-coap-code-detail;;-71;;;;;;;;;;;;;;;;;;;;;;
2621;identity;fid-coap-mid;;-72;;;;;;;;;;;;;;;;;;;;;;
2622;identity;fid-coap-token;;-73;;;;;;;;;;;;;;;;;;;;;;
2623;;;;-74;;;;;;;;;;;;;;;;;;;;;;
2624;identity;fid-coap-option-oscore-flags;;-75;;;;;;;;;;;;;;;;;;;;;;
2625;identity;fid-coap-option-oscore-kid;;-76;;;;;;;;;;;;;;;;;;;;;;
2626;identity;fid-coap-option-oscore-kidctx;;-77;;;;;;;;;;;;;;;;;;;;;;
2627;identity;fid-coap-option-oscore-piv;RFC8824bis;-78;;;;;;;;;;;;;;;;;;;;;;
2628;;;;-79;;;;;;;;;;;;;;;;;;;;;;
2629;identity;mo-rev-rule-match;ICMPv6;-80;;;;;;;;;;;;;;;;;;;;;;
2630;identity;mo-rule-match;ICMPv6;-81;;;;;;;;;;;;;;;;;;;;;;
2631;identity;cda-compress-sent;ICMPv6;-82;;;;;;;;;;;;;;;;;;;;;;
2632;identity;cda-rev-compress-sent;ICMPv6;-83;;;;;;;;;;;;;;;;;;;;;;
2633;;;;-84;;;;;;;;;;;;;;;;;;;;;;
2634;;;;-85;;;;;;;;;;;;;;;;;;;;;;
2635;identity;fid-icmpv6-type;;-86;;;;;;;;;;;;;;;;;;;;;;
2636;identity;fid-icmpv6-code;;-87;;;;;;;;;;;;;;;;;;;;;;
2637;identity;fid-icmpv6-checksum;;-88;;;;;;;;;;;;;;;;;;;;;;
2638;identity;fid-icmpv6-identifier;;-89;;;;;;;;;;;;;;;;;;;;;;
2639;identity;fid-icmpv6-mtu;;-90;;;;;;;;;;;;;;;;;;;;;;
2640;identity;fid-icmpv6-pointer;;-91;;;;;;;;;;;;;;;;;;;;;;
2641;identity;fid-icmpv6-sequence;;-92;;;;;;;;;;;;;;;;;;;;;;
2642;identity;fid-icmpv6-payload;;-93;;;;;;;;;;;;;;;;;;;;;;
2643;;;;-94;;;;;;;;;;;;;;;;;;;;;;
2644;;;;-95;;;;;;;;;;;;;;;;;;;;;;
2645;;;;-96;;;;;;;;;;;;;;;;;;;;;;
2646;;;;-97;;;;;;;;;;;;;;;;;;;;;;
2647;;;;-98;;;;;;;;;;;;;;;;;;;;;;
2648;;;;-99;;;;;;;;;;;;;;;;;;;;;;
2649;;;;-100;;;;;;;;;;;;;;;;;;;;;;
2650;identity;cda-appiid;;-101;;;;;;;;;;;;;;;;;;;;;;
2651;;;;-102;;;;;;;;;;;;;;;;;;;;;;
2652;identity;cda-deviid;;-103;;;;;;;;;;;;;;;;;;;;;;
2653;;;;-104;;;;;;;;;;;;;;;;;;;;;;
2654;identity;fragmentation-mode-no-ack;;-105;;;;;;;;;;;;;;;;;;;;;;
2655;identity;fragmentation-mode-ack-always;;-106;;;;;;;;;;;;;;;;;;;;;;
2656;identity;fragmentation-mode-ack-on-error;;-107;;;;;;;;;;;;;;;;;;;;;;
2657;;;;-108;;;;;;;;;;;;;;;;;;;;;;
2658;identity;ack-behavior-after-all-0;;-109;;;;;;;;;;;;;;;;;;;;;;
2659;identity;ack-behavior-after-all-1;;-110;;;;;;;;;;;;;;;;;;;;;;
2660;identity;ack-behavior-by-layer2;;-111;;;;;;;;;;;;;;;;;;;;;;
2661;;;;-112;;;;;;;;;;;;;;;;;;;;;;
2662;;;;-113;;;;;;;;;;;;;;;;;;;;;;
2663;identity;rcs-crc32;;-114;;;;;;;;;;;;;;;;;;;;;;
2664;;;;-115;;;;;;;;;;;;;;;;;;;;;;
2665;;;;-116;;;;;;;;;;;;;;;;;;;;;;
2666;;;;-117;;;;;;;;;;;;;;;;;;;;;;
2667;;;;-118;;;;;;;;;;;;;;;;;;;;;;
2668;identity;all-1-data-no;;-119;;;;;;;;;;;;;;;;;;;;;;
2669;identity;all-1-data-sender-choice;;-120;;;;;;;;;;;;;;;;;;;;;;
2670;identity;all-1-data-yes;;-121;;;;;;;;;;;;;;;;;;;;;;
2671;;;;-122;;;;;;;;;;;;;;;;;;;;;;
2672;;;;-123;;;;;;;;;;;;;;;;;;;;;;
2673;identity;bitmap-RFC8724;;-124;;;;;;;;;;;;;;;;;;;;;;
2674;identity;bitmap-compound-ack;;-125;;;;;;;;;;;;;;;;;;;;;;
2675;;;;-126;;;;;;;;;;;;;;;;;;;;;;
2676;;;;-127;;;;;;;;;;;;;;;;;;;;;;
2677;feature;management;;-128;;;;;;;;;;;;;;;;;;;;;;
2678;feature;compression;;-129;;;;;;;;;;;;;;;;;;;;;;
2679;;;;-130;;;;;;;;;;;;;;;;;;;;;;
2680;;;;-131;;;;;;;;;;;;;;;;;;;;;;
2681;;;;-132;;;;;;;;;;;;;;;;;;;;;;
2682;;;;-133;;;;;;;;;;;;;;;;;;;;;;
2683;;;;-134;;;;;;;;;;;;;;;;;;;;;;
2684;;;;-135;;;;;;;;;;;;;;;;;;;;;;
2685;;;;-136;;;;;;;;;;;;;;;;;;;;;;
2686;;;;-137;;;;;;;;;;;;;;;;;;;;;;
2687;;;;-138;;;;;;;;;;;;;;;;;;;;;;
2688;;;;-139;;;;;;;;;;;;;;;;;;;;;;
2689;;;;-140;;;;;;;;;;;;;;;;;;;;;;
2690;;;;-141;;;;;;;;;;;;;;;;;;;;;;
2691;;;;-142;;;;;;;;;;;;;;;;;;;;;;
2692;;;;-143;;;;;;;;;;;;;;;;;;;;;;
2693;;;;-144;;;;;;;;;;;;;;;;;;;;;;
2694;;;;-145;;;;;;;;;;;;;;;;;;;;;;
2695;;;;-146;;;;;;;;;;;;;;;;;;;;;;
2696;;;;-147;;;;;;;;;;;;;;;;;;;;;;
2697;;;;-148;;;;;;;;;;;;;;;;;;;;;;
2698;;;;-149;;;;;;;;;;;;;;;;;;;;;;
2699;;;;-150;;;;;;;;;;;;;;;;;;;;;;
2700;;;;-151;;;;;;;;;;;;;;;;;;;;;;
2701;;;;-152;;;;;;;;;;;;;;;;;;;;;;
2702;;;;-153;;;;;;;;;;;;;;;;;;;;;;
2703;;;;-154;;;;;;;;;;;;;;;;;;;;;;
2704;;;;-155;;;;;;;;;;;;;;;;;;;;;;
2705;;;;-156;;;;;;;;;;;;;;;;;;;;;;
2706;;;;-157;;;;;;;;;;;;;;;;;;;;;;
2707;;;;-158;;;;;;;;;;;;;;;;;;;;;;
2708;;;;-159;;;;;;;;;;;;;;;;;;;;;;
2709;;;;-160;;;;;;;;;;;;;;;;;;;;;;
2710;;;;-161;;;;;;;;;;;;;;;;;;;;;;
2711;;;;-162;;;;;;;;;;;;;;;;;;;;;;
2712;;;;-163;;;;;;;;;;;;;;;;;;;;;;
2713;;;;-164;;;;;;;;;;;;;;;;;;;;;;
2714;;;;-165;;;;;;;;;;;;;;;;;;;;;;
2715;;;;-166;;;;;;;;;;;;;;;;;;;;;;
2716;;;;-167;;;;;;;;;;;;;;;;;;;;;;
2717;;;;-168;;;;;;;;;;;;;;;;;;;;;;
2718;;;;-169;;;;;;;;;;;;;;;;;;;;;;
2719;;;;-170;;;;;;;;;;;;;;;;;;;;;;
2720;;;;-171;;;;;;;;;;;;;;;;;;;;;;
2721;;;;-172;;;;;;;;;;;;;;;;;;;;;;
2722;;;;-173;;;;;;;;;;;;;;;;;;;;;;
2723;;;;-174;;;;;;;;;;;;;;;;;;;;;;
2724;;;;-175;;;;;;;;;;;;;;;;;;;;;;
2725;;;;-176;;;;;;;;;;;;;;;;;;;;;;
2726;;;;-177;;;;;;;;;;;;;;;;;;;;;;
2727;;;;-178;;;;;;;;;;;;;;;;;;;;;;
2728;;;;-179;;;;;;;;;;;;;;;;;;;;;;
2729;;;;-180;;;;;;;;;;;;;;;;;;;;;;
2730;;;;-181;;;;;;;;;;;;;;;;;;;;;;
2731;;;;-182;;;;;;;;;;;;;;;;;;;;;;
2732;;;;-183;;;;;;;;;;;;;;;;;;;;;;
2733;;;;-184;;;;;;;;;;;;;;;;;;;;;;
2734;;;;-185;;;;;;;;;;;;;;;;;;;;;;
2735;;;;-186;;;;;;;;;;;;;;;;;;;;;;
2736;;;;-187;;;;;;;;;;;;;;;;;;;;;;
2737;;;;-188;;;;;;;;;;;;;;;;;;;;;;
2738;;;;-189;;;;;;;;;;;;;;;;;;;;;;
2739;;;;-190;;;;;;;;;;;;;;;;;;;;;;
2740;;;;-191;;;;;;;;;;;;;;;;;;;;;;
2741;;;;-192;;;;;;;;;;;;;;;;;;;;;;
2742;;;;-193;;;;;;;;;;;;;;;;;;;;;;
2743;;;;-194;;;;;;;;;;;;;;;;;;;;;;
2744;;;;-195;;;;;;;;;;;;;;;;;;;;;;
2745;;;;-196;;;;;;;;;;;;;;;;;;;;;;
2746;;;;-197;;;;;;;;;;;;;;;;;;;;;;
2747;;;;-198;;;;;;;;;;;;;;;;;;;;;;
2748;;;;-199;;;;;;;;;;;;;;;;;;;;;;
2749;;;;-200;;;;;;;;;;;;;;;;;;;;;;
2750;;;;-201;;;;;;;;;;;;;;;;;;;;;;
2751;;;;-202;;;;;;;;;;;;;;;;;;;;;;
2752;;;;-203;;;;;;;;;;;;;;;;;;;;;;
2753;;;;-204;;;;;;;;;;;;;;;;;;;;;;
2754;;;;-205;;;;;;;;;;;;;;;;;;;;;;
2755;;;;-206;;;;;;;;;;;;;;;;;;;;;;
2756;;;;-207;;;;;;;;;;;;;;;;;;;;;;
2757;;;;-208;;;;;;;;;;;;;;;;;;;;;;
2758;;;;-209;;;;;;;;;;;;;;;;;;;;;;
2759;;;;-210;;;;;;;;;;;;;;;;;;;;;;
2760;;;;-211;;;;;;;;;;;;;;;;;;;;;;
2761;;;;-212;;;;;;;;;;;;;;;;;;;;;;
2762;;;;-213;;;;;;;;;;;;;;;;;;;;;;
2763;;;;-214;;;;;;;;;;;;;;;;;;;;;;
2764;;;;-215;;;;;;;;;;;;;;;;;;;;;;
2765;;;;-216;;;;;;;;;;;;;;;;;;;;;;
2766;;;;-217;;;;;;;;;;;;;;;;;;;;;;
2767;;;;-218;;;;;;;;;;;;;;;;;;;;;;
2768;;;;-219;;;;;;;;;;;;;;;;;;;;;;
2769;;;;-220;;;;;;;;;;;;;;;;;;;;;;
2770;;;;-221;;;;;;;;;;;;;;;;;;;;;;
2771;;;;-222;;;;;;;;;;;;;;;;;;;;;;
2772;;;;-223;;;;;;;;;;;;;;;;;;;;;;
2773;;;;-224;;;;;;;;;;;;;;;;;;;;;;
2774;;;;-225;;;;;;;;;;;;;;;;;;;;;;
2775;;;;-226;;;;;;;;;;;;;;;;;;;;;;
2776;;;;-227;;;;;;;;;;;;;;;;;;;;;;
2777;;;;-228;;;;;;;;;;;;;;;;;;;;;;
2778;;;;-229;;;;;;;;;;;;;;;;;;;;;;
2779;;;;-230;;;;;;;;;;;;;;;;;;;;;;
2780;;;;-231;;;;;;;;;;;;;;;;;;;;;;
2781;;;;-232;;;;;;;;;;;;;;;;;;;;;;
2782;;;;-233;;;;;;;;;;;;;;;;;;;;;;
2783;;;;-234;;;;;;;;;;;;;;;;;;;;;;
2784;;;;-235;;;;;;;;;;;;;;;;;;;;;;
2785;;;;-236;;;;;;;;;;;;;;;;;;;;;;
2786;;;;-237;;;;;;;;;;;;;;;;;;;;;;
2787;;;;-238;;;;;;;;;;;;;;;;;;;;;;
2788;;;;-239;;;;;;;;;;;;;;;;;;;;;;
2789;;;;-240;;;;;;;;;;;;;;;;;;;;;;
2790;;;;-241;;;;;;;;;;;;;;;;;;;;;;
2791;;;;-242;;;;;;;;;;;;;;;;;;;;;;
2792;;;;-243;;;;;;;;;;;;;;;;;;;;;;
2793;;;;-244;;;;;;;;;;;;;;;;;;;;;;
2794;;;;-245;;;;;;;;;;;;;;;;;;;;;;
2795;;;;-246;;;;;;;;;;;;;;;;;;;;;;
2796;;;;-247;;;;;;;;;;;;;;;;;;;;;;
2797;;;;-248;;;;;;;;;;;;;;;;;;;;;;
2798;;;;-249;;;;;;;;;;;;;;;;;;;;;;
2799;;;;-250;;;;;;;;;;;;;;;;;;;;;;
2800;data;/ietf-schc:schc;;-251;;;;;;;;;;;;;;;;;;;;;;
2801;;;;-252;;;;;;;;;;;;;;;;;;;;;;
2802;;;;-253;;;;;;;;;;;;;;;;;;;;;;
2803;;;;-254;;;;;;;;;;;;;;;;;;;;;;
2804;;;;-255;;;;;;;;;;;;2553;;;;;;;;;;
2805;;;;-256;;;;;;;;;;;;2554;;;;;;;;;;
2806;;;;-257;;;;;;;;;;;;2555;;;;;;;;;;
2807;;;;-258;;;;;;;;;;;;2556;;;;;;;;;;
2808;;;;-259;;;;;;;;;;;;2557;;;;;;;;;;
2809;;;;-260;;;;;;;;;;;;2558;;;;;;;;;;
2810;;;;-261;;;;;;;;;;;;2559;;;;;;;;;;
2811;;;;-262;;;;;;;;;;;;2560;;;;;;;;;;
2812;;;;-263;;;;;;;;;;;;2561;;;;;;;;;;
2813;;;;-264;;;;;;;;;;;;2562;;;;;;;;;;
2814;;;;-265;;;;;;;;;;;;2563;;;;;;;;;;
2815;;;;-266;;;;;;;;;;;;2564;;;;;;;;;;
2816;;;;-267;;;;;;;;;;;;2565;;;;;;;;;;
2817;;;;-268;;;;;;;;;;;;2566;;;;;;;;;;
2818;;;;-269;;;;;;;;;;;;2567;;;;;;;;;;
2819;;;;-270;;;;;;;;;;;;2568;;;;;;;;;;
2820;;;;-271;;;;;;;;;;;;2569;;;;;;;;;;
2821;;;;-272;;;;;;;;;;;;2570;;;;;;;;;;
2822;;;;-273;;;;;;;;;;;;2571;;;;;;;;;;
2823;data;/ietf-schc:schc/rule;;-274;;;;;;;;;;;;2572;;;;;;;;;;
2824;data;/ietf-schc:schc/rule/rule-id-length;;-275;;;;;;;;;;;;2573;;;;;;;;;;
2825;data;/ietf-schc:schc/rule/rule-id-value;;-276;;;;;;;;;;;;2574;;;;;;;;;;
2826;data;/ietf-schc:schc/rule/rule-nature;;-277;;;;;;;;;;;;2575;;;;;;;;;;
2827;;;;-278;;;;;;;;;;;;2576;;;;;;;;;;
2828;;;;-279;;;;;;;;;;;;2577;;;;;;;;;;
2829;;;;-280;;;;;;;;;;;;2578;;;;;;;;;;
2830;;;;-281;;;;;;;;;;;;2579;;;;;;;;;;
2831;;;;-282;;;;;;;;;;;;2580;;;;;;;;;;
2832;;;;-283;;;;;;;;;;;;2581;;;;;;;;;;
2833;;;;-284;;;;;;;;;;;;2582;identity;;;;;;;;;
2834;;;;-285;;;;;;;;;;;;2583;identity;;;;;;;;;
2835;;;;-286;;;;;;;;;;;;2584;identity;;;;;;;;;
2836;;;;-287;;;;;;;;;;;;2585;identity;;;;;;;;;
2837;;;;-288;;;;;;;;;;;;2586;identity;;;;;;;;;
2838;;;;-289;;;;;;;;;;;;2587;identity;;;;;;;;;
2839;;;;-290;;;;;;;;;;;;2588;identity;;;;;;;;;
2840;;;;-291;;;;;;;;;;;;2589;identity;;;;;;;;;
2841;;;;-292;;;;;;;;;;;;2590;identity;;;;;;;;;
2842;;;;-293;;;;;;;;;;;;2591;identity;;;;;;;;;
2843;;;;-294;;;;;;;;;;;;2592;identity;;;;;;;;;
2844;;;;-295;;;;;;;;;;;;2593;identity;;;;;;;;;
2845;;;;-296;;;;;;;;;;;;2594;identity;;;;;;;;;
2846;data;/ietf-schc:schc/rule/entry;;-297;;;;;;;;;;;;2595;;;;;;;;;;
2847;data;/ietf-schc:schc/rule/entry/entry-index;unified;-298;;;;;;;;;;;;2596;;;;;;;;;;
2848;data;/ietf-schc:schc/rule/entry/field-id;;-299;;;;;;;;;;;;2597;;;;;;;;;;
2849;data;/ietf-schc:schc/rule/entry/space-id;unified;-300;;;;;;;;;;;;2598;;;;;;;;;;
2850;data;/ietf-schc:schc/rule/entry/universal-value;;-301;;;;;;;;;;;;2599;identity;;;;;;;;;
2851;data;/ietf-schc:schc/rule/entry/field-length;;-302;;;;;;;;;;;;2600;identity;;;;;;;;;
2852;data;/ietf-schc:schc/rule/entry/field-length-value;length function;-303;;;;;;;;;;;;2601;identity;;;2720; ; ; ;data;/ietf-schc:duplicate-rule;(New)
2853;data;/ietf-schc:schc/rule/entry/direction-indicator;;-304;;;;;;;;;;;;2602;identity;;;2721; ; ; ;data;/ietf-schc:duplicate-rule/input;(New)
2854;data;/ietf-schc:schc/rule/entry/field-position;;-305;;;;;;;;;;;;2603;identity;;;2722; ; ; ;data;/ietf-schc:duplicate-rule/input/from;(New)
2855;data;/ietf-schc:schc/rule/entry/target-value;;-306;;;;;;;;;;;;2604;identity;;;2723; ; ; ;data;/ietf-schc:duplicate-rule/input/from/rule-id-length;(New)
2856;data;/ietf-schc:schc/rule/entry/target-value/index;;-307;;;;;;;;;;;;2605;identity;;;2724; ; ; ;data;/ietf-schc:duplicate-rule/input/from/rule-id-value;(New)
2857;data;/ietf-schc:schc/rule/entry/target-value/value;;-308;;;;;;;;;;;;2606;identity;;;2725; ; ; ;data;/ietf-schc:duplicate-rule/input/ipatch-sequence;(New)
2858;data;/ietf-schc:schc/rule/entry/matching-operator;;-309;;;;;;;;;;;;2607;;;;2726; ; ; ;data;/ietf-schc:duplicate-rule/input/to;(New)
2859;data;/ietf-schc:schc/rule/entry/matching-operator-value;;-310;;;;;;;;;;;;2608;;;;2727; ; ; ;data;/ietf-schc:duplicate-rule/input/to/rule-id-length;(New)
2860;data;/ietf-schc:schc/rule/entry/matching-operator-value/index;;-311;;;;;;;;;;;;2609;;;;2728; ; ; ;data;/ietf-schc:duplicate-rule/input/to/rule-id-value;(New)
2861;data;/ietf-schc:schc/rule/entry/matching-operator-value/value;;-312;;;;;;;;;;;;2610;;;;2729; ; ; ;data;/ietf-schc:duplicate-rule/output;(New)
2862;data;/ietf-schc:schc/rule/entry/comp-decomp-action;;-313;;;;;;;;;;;;2611;;;;2730; ; ; ;data;/ietf-schc:duplicate-rule/output/status;(New)
2863;data;/ietf-schc:schc/rule/entry/comp-decomp-action-value;;-314;;;;;;;;;;;;2612;;;;;;;;;;
2864;data;/ietf-schc:schc/rule/entry/comp-decomp-action-value/index;;-315;;;;;;;;;;;;2613;;;;;;;;;;
2865;data;/ietf-schc:schc/rule/entry/comp-decomp-action-value/value;;-316;;;;;;;;;;;;2614;;;;;;;;;;
2866;;;;-317;;;;;;;;;;;;2615;;;;;;;;;;
2867;;;;-318;;;;;;;;;;;;2616;;;;;;;;;;
2868;;;;-319;;;;;;;;;;;;2617;;;;;;;;;;
2869;;;;-320;;;;;;;;;;;;2618;;;;;;;;;;
2870;data;/ietf-schc:schc/rule/fragmentation-mode;;-321;;;;;;;;;;;;2619;;;;;;;;;;
2871;data;/ietf-schc:schc/rule/l2-word-size;;-322;;;;;;;;;;;;2620;;;;;;;;;;
2872;data;/ietf-schc:schc/rule/direction;;-323;;;;;;;;;;;;2621;;;;;;;;;;
2873;data;/ietf-schc:schc/rule/dtag-size;;-324;;;;;;;;;;;;2622;;;;;;;;;;
2874;data;/ietf-schc:schc/rule/w-size;;-325;;;;;;;;;;;;2623;;;;;;;;;;
2875;data;/ietf-schc:schc/rule/fcn-size;;-326;;;;;;;;;;;;2624;;;;;;;;;;
2876;data;/ietf-schc:schc/rule/rcs-algorithm;;-327;;;;;;;;;;;;2625;;;;;;;;;;
2877;data;/ietf-schc:schc/rule/maximum-packet-size;;-328;;;;;;;;;;;;2626;;;;;;;;;;
2878;data;/ietf-schc:schc/rule/window-size;;-329;;;;;;;;;;;;2627;;;;;;;;;;
2879;data;/ietf-schc:schc/rule/max-interleaved-frames;;-330;;;;;;;;;;;;2628;;;;;;;;;;
2880;data;/ietf-schc:schc/rule/inactivity-timer;;-331;;;;;;;;;;;;2629;;;;;;;;;;
2881;data;/ietf-schc:schc/rule/inactivity-timer/ticks-duration;;-332;;;;;;;;;;;;2630;;;;;;;;;;
2882;data;/ietf-schc:schc/rule/inactivity-timer/ticks-numbers;;-333;;;;;;;;;;;;2631;;;;;;;;;;
2883;data;/ietf-schc:schc/rule/retransmission-timer;;-334;;;;;;;;;;;;2632;;;;;;;;;;
2884;data;/ietf-schc:schc/rule/retransmission-timer/ticks-duration;;-335;;;;;;;;;;;;2633;;;;;;;;;;
2885;data;/ietf-schc:schc/rule/retransmission-timer/ticks-numbers;;-336;;;;;;;;;;;;2634;;;;;;;;;;
2886;data;/ietf-schc:schc/rule/max-ack-requests;;-337;;;;;;;;;;;;2635;;;;;;;;;;
2887;data;/ietf-schc:schc/rule/tile-size;;-338;;;;;;;;;;;;2636;;;;;;;;;;
2888;data;/ietf-schc:schc/rule/tile-in-all-1;;-339;;;;;;;;;;;;2637;;;;;;;;;;
2889;data;/ietf-schc:schc/rule/ack-behavior;;-340;;;;;;;;;;;;2638;;;;;;;;;;
2890;data;/ietf-schc:schc/rule/bitmap-format;RFC 9441;-341;;;;;;;;;;;;2639;;;;;;;;;;
2891;data;/ietf-schc:schc/rule/last-bitmap-compression;RFC 9441;-342;;;;;;;;;;;;2640;;;;;;;;;;
2892;;;;-343;;;;;;;;;;;;2641;;;;;;;;;;
2893;;;;-344;;;;;;;;;;;;2642;;;;;;;;;;
2894;;;;-345;;;;;;;;;;;;2643;;;;;;;;;;
2895;;;;-346;;;;;;;;;;;;2644;;;;;;;;;;
2896;;;;-347;;;;;;;;;;;;2645;;;;;;;;;;
2897;;;;-348;;;;;;;;;;;;2646;;;;;;;;;;
2898;;;;-349;;;;;;;;;;;;2647;;;;;;;;;;
2899;;;;-350;;;;;;;;;;;;2648;;;;;;;;;;
2900;;;;-351;;;;;;;;;;;;2649;;;;;;;;;;
2901;;;;-352;;;;;;;;;;;;2650;;;;;;;;;;
2902;;;;-353;;;;;;;;;;;;2651;;;;;;;;;;
2903;;;;-354;;;;;;;;;;;;2652;;;;;;;;;;
2904;;;;-355;;;;;;;;;;;;2653;;;;;;;;;;
2905;;;;-356;;;;;;;;;;;;2654;;;;;;;;;;
2906;data;/ietf-schc:duplicate-rule;;-357;;;;;;;;;;;;2655;;;;;;;;;;
2907;data;/ietf-schc:duplicate-rule/input;;-358;;;;;;;;;;;;2656;;;;;;;;;;
2908;data;/ietf-schc:duplicate-rule/input/from;;-359;;;;;;;;;;;;2657;;;;;;;;;;
2909;data;/ietf-schc:duplicate-rule/input/from/rule-id-length;;-360;;;;;;;;;;;;2658;;;;;;;;;;
2910;data;/ietf-schc:duplicate-rule/input/from/rule-id-value;;-361;;;;;;;;;;;;2659;;;;;;;;;;
2911;data;/ietf-schc:duplicate-rule/input/ipatch-sequence;;-362;;;;;;;;;;;;2660;;;;;;;;;;
2912;data;/ietf-schc:duplicate-rule/input/to;;-363;;;;;;;;;;;;2661;;;;;;;;;;
2913;data;/ietf-schc:duplicate-rule/input/to/rule-id-length;;-364;;;;;;;;;;;;2662;;;;;;;;;;
2914;data;/ietf-schc:duplicate-rule/input/to/rule-id-value;;-365;;;;;;;;;;;;2663;;;;;;;;;;
2915;data;/ietf-schc:duplicate-rule/output;;-366;;;;;;;;;;;;2664;;;;;;;;;;
2916;data;/ietf-schc:duplicate-rule/output/status;;-367;;;;;;;;;;;;;;;;;;;;;;
2917;;;;-368;;;;;;;;;;;;;;;;;;;;;;
2918;;;;-369;;;;;;;;;;;;;;;;;;;;;;
2919;;;;-370;;;;;;;;;;;;;;;;;;;;;;
2920;;;;-371;;;;;;;;;;;;;;;;;;;;;;
2921;;;;-372;;;;;;;;;;;;;;;;;;;;;;
2922;;;;-373;;;;;;;;;;;;;;;;;;;;;;
2923;;;;-374;;;;;;;;;;;;;;;;;;;;;;
2924;;;;-375;;;;;;;;;;;;;;;;;;;;;;
2925;;;;-376;;;;;;;;;;;;;;;;;;;;;;
2926;;;;-377;;;;;;;;;;;;;;;;;;;;;;
2927;;;;-378;;;;;;;;;;;;;;;;;;;;;;
2928;;;;-379;;;;;;;;;;;;;;;;;;;;;;
2929;;;;-380;;;;;;;;;;;;;;;;;;;;;;
2930;;;;-381;;;;;;;;;;;;;;;;;;;;;;
2931;;;;-382;;;;;;;;;;;;;;;;;;;;;;
2932;;;;-383;;;;;;;;;;;;;;;;;;;;;;
2933;;;;-384;;;;;;;;;;;;;;;;;;;;;;
2934;;;;-385;;;;;;;;;;;;;;;;;;;;;;
2935;;;;-386;;;;;;;;;;;;;;;;;;;;;;
2936;;;;-387;;;;;;;;;;;;;;;;;;;;;;
2937;;;;-388;;;;;;;;;;;;;;;;;;;;;;
2938;;;;-389;;;;;;;;;;;;;;;;;;;;;;
2939;;;;-390;;;;;;;;;;;;;;;;;;;;;;
2940;;;;-391;;;;;;;;;;;;;;;;;;;;;;
2941;;;;-392;;;;;;;;;;;;;;;;;;;;;;
2942;;;;-393;;;;;;;;;;;;;;;;;;;;;;
2943;;;;-394;;;;;;;;;;;;;;;;;;;;;;
2944;;;;-395;;;;;;;;;;;;;;;;;;;;;;
2945;;;;-396;;;;;;;;;;;;;;;;;;;;;;
2946;;;;-397;;;;;;;;;;;;;;;;;;;;;;
2947;;;;-398;;;;;;;;;;;;;;;;;;;;;;
2948;;;;-399;;;;;;;;;;;;;;;;;;;;;;
2949;;;;-400;;;;;;;;;;;;;;;;;;;;;;