2550;module;ietf-schc;;;;;;;;;;;;;;;
2551;;;;;;;;;;;;;;;;;
2552;;;;;;;;;;;;;;;;;
2553;;;;;;;;;;;;;;;;;
2554;;;;;;;;;;;;;;;;;
2555;;;;;;;;;;;;;;;;;
2556;;;;;;;;;;;;;;;;;
2557;;;;;;;;;;;;;;;;;
2558;;;;;;;;;;;;;;;;;
2559;;;;;;;;;;;;;;;;;
2560;;;;;;;;;;;;;;;;;
2561;;;;;;;;;;;;;;;;;
2562;;;;;;;;;;;;;;;;;
2563;;;;;;;;;;;;;;;;;
2564;;;;;;;;;;;;;;;;;
2565;;;;;;;;;;;;;;;;;
2566;;;;;;;;;;;;;;;;;
2567;;;;;;;;;;;;;;;;;
2568;;;;;;;;;;;;;;;;;
2569;;;;;;;;;;;;;;;;;
2570;;;;;;;;;;;;;;;;;
2571;;;;;;;;;;;;;;;;;
2572;;;;;;;;;;;;;;;;;
2573;;;;;;;;;;;;;;;;;
2574;data;/ietf-schc:schc;;;;;;;;;;;;;;;
2575;;;;;;;;;;;;;;;;;
2576;;;;;;;;;;;;;;;;;
2577;;;;;;;;;;;;;;;;;
2578;;;;;;;;;;;;;;;;;
2579;;;;;;;;;;;;;;;;;
2580;;;;;;;;;;;;;;;;;
2581;;;;;;;;;;;;;;;;;
2582;;;;;;;;;;;;;;;;;
2583;;;;;;;;;;;;;;;;;
2584;;;;;;;;;;;;;;;;;
2585;;;;;;;;;;;;;;;;;
2586;;;;;;;;;;;;;;;;;
2587;;;;;;;;;;;;;;;;;
2588;;;;;;;;;;;;;;;;;
2589;;;;;;;;;;;;;;;;;
2590;;;;;;;;;;;;;;;;;
2591;;;;;;;;;;;;;;;;;
2592;;;;;;;;;;;;;;;;;
2593;;;;;;;;;;;;;;;;;
2594;;;;;;;;;;;;;;;;;
2595;;;;;;;;;;;;;;;;;
2596;;;;;;;;;;;;;;;;;
2597;data;/ietf-schc:schc/rule;;;;;;;;;;;;;;;
2598;data;/ietf-schc:schc/rule/rule-id-length;;;;;;;;;;;;;;;
2599;data;/ietf-schc:schc/rule/rule-id-value;;;;;;;;;;;;;;;
2600;data;/ietf-schc:schc/rule/rule-nature;;;;;;;;;;;;;;;
2601;;;;;;;;;;;;;;;;;
2602;;;;;;;;;;;;;;;;;
2603;;;;;;;;;;;;;;;;;
2604;;;;;;;;;;;;;;;;;
2605;;;;;;;;;;;;;;;;;
2606;;;;;;;;;;;;;;;;;
2607;;;;;;;;;;;;;;;;;
2608;;;;;;;;;;;;;;;;;
2609;;;;;;;;;;;;;;;;;
2610;;;;;;;;;;;;;;;;;
2611;;;;;;;;;;;;;;;;;
2612;;;;;;;;;;;;;;;;;
2613;;;;;;;;;;;;;;;;;
2614;;;;;;;;;;;;;;;;;
2615;;;;;;;;;;;;;;;;;
2616;;;;;;;;;;;;;;;;;
2617;;;;;;;;;;;;;;;;;
2618;;;;;;;;;;;;;;;;;
2619;;;;;;;;;;;;;;;;;
2620;data;/ietf-schc:schc/rule/entry;;;;;;;;;;;;;;;
2621;data;/ietf-schc:schc/rule/entry/entry-index;unified;;;;;;;;;;;;;;
2622;data;/ietf-schc:schc/rule/entry/space-id;unified;;;;;;;;;;;;;;
2623;data;/ietf-schc:schc/rule/entry/field-id;;;;;;;;;;;;;;;
2624;data;/ietf-schc:schc/rule/entry/field-length;;;;;;;;;;;;;;;
2625;data;/ietf-schc:schc/rule/entry/field-length-value;length function;;;;;;;;;;;;;;
2626;data;/ietf-schc:schc/rule/entry/direction-indicator;;;;;;;;;;;;;;;
2627;data;/ietf-schc:schc/rule/entry/field-position;;;;;;;;;;;;;;;
2628;data;/ietf-schc:schc/rule/entry/target-value;;;;;;;;;;;;;;;
2629;data;/ietf-schc:schc/rule/entry/target-value/index;;;;;;;;;;;;;;;
2630;data;/ietf-schc:schc/rule/entry/target-value/value;;;;;;;;;;;;;;;
2631;data;/ietf-schc:schc/rule/entry/matching-operator;;;;;;;;;;;;;;;
2632;data;/ietf-schc:schc/rule/entry/matching-operator-value;;;;;;;;;;;;;;;
2633;data;/ietf-schc:schc/rule/entry/matching-operator-value/index;;;;;;;;;;;;;;;
2634;data;/ietf-schc:schc/rule/entry/matching-operator-value/value;;;;;;;;;;;;;;;
2635;data;/ietf-schc:schc/rule/entry/comp-decomp-action;;;;;;;;;;;;;;;
2636;data;/ietf-schc:schc/rule/entry/comp-decomp-action-value;;;;;;;;;;;;;;;
2637;data;/ietf-schc:schc/rule/entry/comp-decomp-action-value/index;;;;;;;;;;;;;;;
2638;data;/ietf-schc:schc/rule/entry/comp-decomp-action-value/value;;;;;;;;;;;;;;;
2639;;;;;;;;;;;;;;;;;
2640;;;;;;;;;;;;;;;;;
2641;;;;;;;;;;;;;;;;;
2642;;;;;;;;;;;;;;;;;
2643;;;;;;;;;;;;;;;;;
2644;data;/ietf-schc:schc/rule/fragmentation-mode;;;;;;;;;;;;;;;
2645;data;/ietf-schc:schc/rule/l2-word-size;;;;;;;;;;;;;;;
2646;data;/ietf-schc:schc/rule/direction;;;;;;;;;;;;;;;
2647;data;/ietf-schc:schc/rule/dtag-size;;;;;;;;;;;;;;;
2648;data;/ietf-schc:schc/rule/w-size;;;;;;;;;;;;;;;
2649;data;/ietf-schc:schc/rule/fcn-size;;;;;;;;;;;;;;;
2650;data;/ietf-schc:schc/rule/rcs-algorithm;;;;;;;;;;;;;;;
2651;data;/ietf-schc:schc/rule/maximum-packet-size;;;;;;;;;;;;;;;
2652;data;/ietf-schc:schc/rule/window-size;;;;;;;;;;;;;;;
2653;data;/ietf-schc:schc/rule/max-interleaved-frames;;;;;;;;;;;;;;;
2654;data;/ietf-schc:schc/rule/inactivity-timer;;;;;;;;;;;;;;;
2655;data;/ietf-schc:schc/rule/inactivity-timer/ticks-duration;;;;;;;;;;;;;;;
2656;data;/ietf-schc:schc/rule/inactivity-timer/ticks-numbers;;;;;;;;;;;;;;;
2657;data;/ietf-schc:schc/rule/retransmission-timer;;;;;;;;;;;;;;;
2658;data;/ietf-schc:schc/rule/retransmission-timer/ticks-duration;;;;;;;;;;;;;;;
2659;data;/ietf-schc:schc/rule/retransmission-timer/ticks-numbers;;;;;;;;;;;;;;;
2660;data;/ietf-schc:schc/rule/max-ack-requests;;;;;;;;;;;;;;;
2661;data;/ietf-schc:schc/rule/tile-size;;;;;;;;;;;;;;;
2662;data;/ietf-schc:schc/rule/tile-in-all-1;;;;;;;;;;;;;;;
2663;data;/ietf-schc:schc/rule/ack-behavior;;;;;;;;;;;;;;;
2664;data;/ietf-schc:schc/rule/bitmap-format;RFC 9441;;;;;;;;;;;;;;
2665;data;/ietf-schc:schc/rule/last-bitmap-compression;RFC 9441;;;;;;;;;;;;;;
2666;;;;;;;;;;;;;;;;;
2667;;;;;;;;;;;;;;;;;
2668;;;;;;;;;;;;;;;;;
2669;;;;;;;;;;;;;;;;;
2670;;;;;;;;;;;;;;;;;
2671;;;;;;;;;;;;;;;;;
2672;;;;;;;;;;;;;;;;;
2673;;;;;;;;;;;;;;;;;
2674;;;;;;;;;;;;;;;;;
2675;;;;;;;;;;;;;;;;;
2676;;;;;;;;;;;;;;;;;
2677;;;;;;;;;;;;;;;;;
2678;;;;;;;;;;;;;;;;;
2679;;;;;;;;;;;;;;;;;
2680;;;;;;;;;;;;;;;;;
2681;;;;;;;;;;;;;;;;;
2682;;;;;;;;;;;;;;;;;
2683;;;;;;;;;;;;;;;;;
2684;;;;;;;;;;;;;;;;;
2685;;;;;;;;;;;;;;;;;
2686;;;;;;;;;;;;;;;;;
2687;;;;;;;;;;;;;;;;;
2688;;;;;;;;;;;;;;;;;
2689;;;;;;;;;;;;;;;;;
2690;;;;;;;;;;;;;;;;;
2691;;;;;;;;;;;;;;;;;
2692;;;;;;;;;;;;;;;;;
2693;;;;;;;;;;;;;;;;;
2694;;;;;;;;;;;;;;;;;
2695;;;;;;;;;;;;;;;;;
2696;;;;;;;;;;;;;;;;;
2697;;;;;;;;;;;;;;;;;
2698;;;;;;;;;;;;;;;;;
2699;;;;;;;;;;;;;;;;;
2700;;;;;;;;;;;;;;;;;
2701;;;;;;;;;;;;;;;;;
2702;;;;;;;;;;;;;;;;;
2703;;;;;;;;;;;;;;;;;
2704;;;;;;;;;;;;;;;;;
2705;;;;;;;;;;;;;;;;;
2706;;;;;;;;;;;;;;;;;
2707;;;;;;;;;;;;;;;;;
2708;;;;;;;;;;;;;;;;;
2709;;;;;;;;;;;;;;;;;
2710;;;;;;;;;;;;;;;;;
2711;;;;;;;;;;;;;;;;;
2712;;;;;;;;;;;;;;;;;
2713;;;;;;;;;;;;;;;;;
2714;;;;;;;;;;;;;;;;;
2715;;;;;;;;;;;;;;;;;
2716;;;;;;;;;;;;;;;;;
2717;;;;;;;;;;;;;;;;;
2718;;;;;;;;;;;;;;;;;
2719;;;;;;;;;;;;;;;;;
2720;;;;;;;;;;;;;;;;;
2721;;;;;;;;;;;;;;;;;
2722;;;;;;;;;;;;;;;;;
2723;;;;;;;;;;;;;;;;;
2724;;;;;;;;;;;;;;;;;
2725;;;;;;;;;;;;;;;;;
2726;;;;;;;;;;;;;;;;;
2727;;;;;;;;;;;;;;;;;
2728;;;;;;;;;;;;;;;;;
2729;;;;;;;;;;;;;;;;;
2730;;;;;;;;;;;;;;;;;
2731;;;;;;;;;;;;;;;;;
2732;;;;;;;;;;;;;;;;;
2733;;;;;;;;;;;;;;;;;
2734;;;;;;;;;;;;;;;;;
2735;;;;;;;;;;;;;;;;;
2736;;;;;;;;;;;;;;;;;
2737;;;;;;;;;;;;;;;;;
2738;;;;;;;;;;;;;;;;;
2739;;;;;;;;;;;;;;;;;
2740;;;;;;;;;;;;;;;;;
2741;;;;;;;;;;;;;;;;;
2742;;;;;;;;;;;;;;;;;
2743;;;;;;;;;;;;;;;;;
2744;;;;;;;;;;;;;;;;;
2745;;;;;;;;;;;;;;;;;
2746;;;;;;;;;;;;;;;;;
2747;;;;;;;;;;;;;;;;;
2748;;;;;;;;;;;;;;;;;
2749;;;;;;;;;;;;;;;;;
2750;identity;fragmentation-mode-no-ack;;;;;;;;;;;;;;;
2751;identity;fragmentation-mode-ack-always;;;;;;;;;;;;;;;
2752;identity;fragmentation-mode-ack-on-error;;;;;;;;;;;;;;;
2753;;;;;;;;;;;;;;;;;
2754;;;;;;;;;;;;;;;;;
2755;identity;ack-behavior-after-all-0;;;;;;;;;;;;;;;
2756;identity;ack-behavior-after-all-1;;;;;;;;;;;;;;;
2757;identity;ack-behavior-by-layer2;;;;;;;;;;;;;;;
2758;;;;;;;;;;;;;;;;;
2759;;;;;;;;;;;;;;;;;
2760;identity;rcs-crc32;;;;;;;;;;;;;;;
2761;;;;;;;;;;;;;;;;;
2762;;;;;;;;;;;;;;;;;
2763;;;;;;;;;;;;;;;;;
2764;;;;;;;;;;;;;;;;;
2765;identity;all-1-data-no;;;;;;;;;;;;;;;
2766;identity;all-1-data-sender-choice;;;;;;;;;;;;;;;
2767;identity;all-1-data-yes;;;;;;;;;;;;;;;
2768;;;;;;;;;;;;;;;;;
2769;;;;;;;;;;;;;;;;;
2770;identity;bitmap-RFC8724;;;;;;;;;;;;;;;
2771;identity;bitmap-compound-ack;;;;;;;;;;;;;;;
2772;;;;;;;;;;;;;;;;;
2773;;;;;;;;;;;;;;;;;
2774;;;;;;;;;;;;;;;;;
2775;;;;;;;;;;;;;;;;;
2776;;;;;;;;;;;;;;;;;
2777;;;;;;;;;;;;;;;;;
2778;;;;;;;;;;;;;;;;;
2779;;;;;;;;;;;;;;;;;
2780;;;;;;;;;;;;;;;;;
2781;;;;;;;;;;;;;;;;;
2782;;;;;;;;;;;;;;;;;
2783;;;;;;;;;;;;;;;;;
2784;;;;;;;;;;;;;;;;;
2785;;;;;;;;;;;;;;;;;
2786;;;;;;;;;;;;;;;;;
2787;;;;;;;;;;;;;;;;;
2788;;;;;;;;;;;;;;;;;
2789;;;;;;;;;;;;;;;;;
2790;;;;;;;;;;;;;;;;;
2791;;;;;;;;;;;;;;;;;
2792;;;;;;;;;;;;;;;;;
2793;;;;;;;;;;;;;;;;;
2794;;;;;;;;;;;;;;;;;
2795;;;;;;;;;;;;;;;;;
2796;;;;;;;;;;;;;;;;;
2797;;;;;;;;;;;;;;;;;
2798;;;;;;;;;;;;;;;;;
2799;;;;;;;;;;;;;;;;;
2800;;;;;;;;;;;;;;;;;
2801;;;;;;;;;;;;;;;;;
2802;;;;;;;;;;;;;;;;;
2803;;;;;;;;;;;;;;;;;
2804;;;;;;;;;;;;;;;;2553;
2805;;;;;;;;;;;;;;;;2554;
2806;;;;;;;;;;;;;;;;2555;
2807;;;;;;;;;;;;;;;;2556;
2808;;;;;;;;;;;;;;;;2557;
2809;;;;;;;;;;;;;;;;2558;
2810;identity;fid-icmpv6-type;;;;;;;;;;;;;;2559;
2811;identity;fid-icmpv6-code;;;;;;;;;;;;;;2560;
2812;identity;fid-icmpv6-checksum;;;;;;;;;;;;;;2561;
2813;identity;fid-icmpv6-identifier;;;;;;;;;;;;;;2562;
2814;identity;fid-icmpv6-mtu;;;;;;;;;;;;;;2563;
2815;identity;fid-icmpv6-pointer;;;;;;;;;;;;;;2564;
2816;identity;fid-icmpv6-sequence;;;;;;;;;;;;;;2565;
2817;identity;fid-icmpv6-payload;;;;;;;;;;;;;;2566;
2818;;;;;;;;;;;;;;;;2567;
2819;;;;;;;;;;;;;;;;2568;
2820;;;;;;;;;;;;;;;;2569;
2821;;;;;;;;;;;;;;;;2570;
2822;;;;;;;;;;;;;;;;2571;
2823;;;;;;;;;;;;;;;;2572;
2824;;;;;;;;;;;;;;;;2573;
2825;;;;;;;;;;;;;;;;2574;
2826;;;;;;;;;;;;;;;;2575;
2827;;;;;;;;;;;;;;;;2576;
2828;;;;;;;;;;;;;;;;2577;
2829;;;;;;;;;;;;;;;;2578;
2830;identity;fid-coap-option-oscore-flags;;;;;;;;;;;;;;2579;
2831;identity;fid-coap-option-oscore-kid;;;;;;;;;;;;;;2580;
2832;identity;fid-coap-option-oscore-kidctx;;;;;;;;;;;;;;2581;
2833;identity;fid-coap-option-oscore-piv;RFC8824bis;;;;;;;;;;;;;2582;identity
2834;;;;;;;;;;;;;;;;2583;identity
2835;;;;;;;;;;;;;;;;2584;identity
2836;;;;;;;;;;;;;;;;2585;identity
2837;;;;;;;;;;;;;;;;2586;identity
2838;;;;;;;;;;;;;;;;2587;identity
2839;;;;;;;;;;;;;;;;2588;identity
2840;identity;fid-coap-version;;;;;;;;;;;;;;2589;identity
2841;identity;fid-coap-type;;;;;;;;;;;;;;2590;identity
2842;identity;fid-coap-tkl;;;;;;;;;;;;;;2591;identity
2843;identity;fid-coap-code;;;;;;;;;;;;;;2592;identity
2844;identity;fid-coap-code-class;;;;;;;;;;;;;;2593;identity
2845;identity;fid-coap-code-detail;;;;;;;;;;;;;;2594;identity
2846;identity;fid-coap-mid;;;;;;;;;;;;;;2595;
2847;identity;fid-coap-token;;;;;;;;;;;;;;2596;
2848;;;;;;;;;;;;;;;;2597;
2849;;;;;;;;;;;;;;;;2598;
2850;identity;fid-udp-dev-port;;;;;;;;;;;;;;2599;identity
2851;identity;fid-udp-app-port;;;;;;;;;;;;;;2600;identity
2852;identity;fid-udp-length;;;;;;;;;;;;;;2601;identity
2853;identity;fid-udp-checksum;;;;;;;;;;;;;;2602;identity
2854;;;;;;;;;;;;;;;;2603;identity
2855;;;;;;;;;;;;;;;;2604;identity
2856;;;;;;;;;;;;;;;;2605;identity
2857;;;;;;;;;;;;;;;;2606;identity
2858;;;;;;;;;;;;;;;;2607;
2859;;;;;;;;;;;;;;;;2608;
2860;identity;fid-ipv6-version;;;;;;;;;;;;;;2609;
2861;identity;fid-ipv6-trafficclass;;;;;;;;;;;;;;2610;
2862;identity;fid-ipv6-trafficclass-ds;;;;;;;;;;;;;;2611;
2863;identity;fid-ipv6-trafficclass-ecn;;;;;;;;;;;;;;2612;
2864;identity;fid-ipv6-flowlabel;;;;;;;;;;;;;;2613;
2865;identity;fid-ipv6-payload-length;;;;;;;;;;;;;;2614;
2866;identity;fid-ipv6-nextheader;;;;;;;;;;;;;;2615;
2867;identity;fid-ipv6-hoplimit;;;;;;;;;;;;;;2616;
2868;identity;fid-ipv6-deviid;;;;;;;;;;;;;;2617;
2869;identity;fid-ipv6-devprefix;;;;;;;;;;;;;;2618;
2870;identity;fid-ipv6-appiid;;;;;;;;;;;;;;2619;
2871;identity;fid-ipv6-appprefix;;;;;;;;;;;;;;2620;
2872;;;;;;;;;;;;;;;;2621;
2873;;;;;;;;;;;;;;;;2622;
2874;;;;;;;;;;;;;;;;2623;
2875;;;;;;;;;;;;;;;;2624;
2876;;;;;;;;;;;;;;;;2625;
2877;;;;;;;;;;;;;;;;2626;
2878;;;;;;;;;;;;;;;;2627;
2879;;;;;;;;;;;;;;;;2628;
2880;identity;di-bidirectional;;;;;;;;;;;;;;2629;
2881;identity;di-down;;;;;;;;;;;;;;2630;
2882;identity;di-up;;;;;;;;;;;;;;2631;
2883;;;;;;;;;;;;;;;;2632;
2884;;;;;;;;;;;;;;;;2633;
2885;;;;;;;;;;;;;;;;2634;
2886;;;;;;;;;;;;;;;;2635;
2887;;;;;;;;;;;;;;;;2636;
2888;;;;;;;;;;;;;;;;2637;
2889;;;;;;;;;;;;;;;;2638;
2890;identity;fl-length-bits;;;;;;;;;;;;;;2639;
2891;identity;fl-length-bytes;;;;;;;;;;;;;;2640;
2892;identity;fl-token-length;;;;;;;;;;;;;;2641;
2893;identity;fl-variable;;;;;;;;;;;;;;2642;
2894;;;;;;;;;;;;;;;;2643;
2895;;;;;;;;;;;;;;;;2644;
2896;;;;;;;;;;;;;;;;2645;
2897;;;;;;;;;;;;;;;;2646;
2898;;;;;;;;;;;;;;;;2647;
2899;;;;;;;;;;;;;;;;2648;
2900;identity;mo-equal;;;;;;;;;;;;;;2649;
2901;identity;mo-ignore;;;;;;;;;;;;;;2650;
2902;identity;mo-match-mapping;;;;;;;;;;;;;;2651;
2903;identity;mo-msb;;;;;;;;;;;;;;2652;
2904;identity;mo-rev-rule-match;ICMPv6;;;;;;;;;;;;;2653;
2905;identity;mo-rule-match;ICMPv6;;;;;;;;;;;;;2654;
2906;;;;;;;;;;;;;;;;2655;
2907;;;;;;;;;;;;;;;;2656;
2908;;;;;;;;;;;;;;;;2657;
2909;;;;;;;;;;;;;;;;2658;
2910;;;;;;;;;;;;;;;;2659;
2911;;;;;;;;;;;;;;;;2660;
2912;;;;;;;;;;;;;;;;2661;
2913;;;;;;;;;;;;;;;;2662;
2914;;;;;;;;;;;;;;;;2663;
2915;;;;;;;;;;;;;;;;2664;
2916;;;;;;;;;;;;;;;;;
2917;;;;;;;;;;;;;;;;;
2918;;;;;;;;;;;;;;;;;
2919;;;;;;;;;;;;;;;;;
2920;identity;cda-not-sent;;;;;;;;;;;;;;;
2921;identity;cda-value-sent;;;;;;;;;;;;;;;
2922;identity;cda-mapping-sent;;;;;;;;;;;;;;;
2923;identity;cda-lsb;;;;;;;;;;;;;;;
2924;identity;cda-compute;;;;;;;;;;;;;;;
2925;identity;cda-deviid;;;;;;;;;;;;;;;
2926;identity;cda-appiid;;;;;;;;;;;;;;;
2927;identity;cda-compress-sent;ICMPv6;;;;;;;;;;;;;;
2928;identity;cda-rev-compress-sent;ICMPv6;;;;;;;;;;;;;;
2929;;;;;;;;;;;;;;;;;
2930;identity;space-id-coap;;;;;;;;;;;;;;;
2931;;;;;;;;;;;;;;;;;
2932;;;;;;;;;;;;;;;;;
2933;;;;;;;;;;;;;;;;;
2934;;;;;;;;;;;;;;;;;
2935;;;;;;;;;;;;;;;;;
2936;;;;;;;;;;;;;;;;;
2937;;;;;;;;;;;;;;;;;
2938;;;;;;;;;;;;;;;;;
2939;;;;;;;;;;;;;;;;;
2940;identity;nature-compression;;;;;;;;;;;;;;;
2941;identity;nature-fragmentation;;;;;;;;;;;;;;;
2942;identity;nature-no-compression;;;;;;;;;;;;;;;
2943;;;;reserved for management;;;;;;;;;;;;;
2944;;;;;;;;;;;;;;;;;
2945;;;;;;;;;;;;;;;;;
2946;;;;;;;;;;;;;;;;;
2947;;;;;;;;;;;;;;;;;
2948;feature;compression;;;;;;;;;;;;;;;
2949;feature;fragmentation;;;;;;;;;;;;;;;